composer,title,labels
Mozart,"Mozart- Piano Sonata in C major, K. 279- 1st mov. Allegro","Sonata,Sonata,Sonata"
Mozart,"Mozart- Piano Sonata in C major, K. 279- 2nd mov. Andante","Sonata,Sonata,Sonata"
Mozart,"Mozart- Piano Sonata in C major, K. 279- 3rd mov. Allegro","Sonata,Sonata,Sonata"
Mozart,"Mozart- Piano Sonata in F major, K. 280- 1st mov. Allegro assai","Sonata,Sonata,Sonata"
Mozart,"Mozart- Piano Sonata in F major, K. 280- 2nd mov. Adagio","Sonata,Sonata,Sonata"
Mozart,"Mozart- Piano Sonata in F major, K. 280- 3rd mov. Presto","Sonata,Sonata,Sonata"
Mozart,"Mozart- Piano Sonata in B flat major, K. 281- 1st mov. Allegro","Sonata,Sonata,Sonata"
Mozart,"Mozart- Piano Sonata in B flat major, K. 281- 2nd mov. Andante amoroso","Sonata,Sonata,Sonata"
Mozart,"Mozart- Piano Sonata in B flat major, K. 281- 3rd mov. Rondeau (Allegro)","Rondo,Rondo-Sonata,Rondo-Sonata"
Mozart,"Mozart- Piano Sonata in E flat major, K. 282- 1st mov. Adagio","Binary,Binary"
Mozart,"Mozart- Piano Sonata in E flat major, K. 282- 2nd mov. Menuetto I - II","Minuet,Minuet,Minuet"
Mozart,"Mozart- Piano Sonata in E flat major, K. 282- 3rd mov. Allegro","Sonata,Sonata,Sonata"
Mozart,"Mozart- Piano Sonata in G major, K. 283- 1st mov. Allegro","Sonata,Sonata,Sonata"
Mozart,"Mozart- Piano Sonata in G major, K. 283- 2nd mov. Andante","Sonata,Sonata,Sonata"
Mozart,"Mozart- Piano Sonata in G major, K. 283- 3rd mov. Presto","Sonata,Sonata,Sonata"
Mozart,"Mozart- Piano Sonata in D major, K. 284 'Dürnitz'- 1st mov. Allegro","Sonata,Sonata,Sonata"
Mozart,"Mozart- Piano Sonata in D major, K. 284 'Dürnitz'- 2nd mov. Rondeau en Polonaise (Andante)","Rondo-Sonata,Rondo-Sonata,Rondo-Sonata"
Mozart,"Mozart- Piano Sonata in C major, K. 309- 1st mov. Allegro con spirito","Sonata,Sonata"
Mozart,"Mozart- Piano Sonata in C major, K. 309- 2nd mov. Andante un poco Adagio","Ternary"
Mozart,"Mozart- Piano Sonata in C major, K. 309- 3rd mov. Rondeau (Allegretto grazioso)","Rondo-Sonata,Rondo-Sonata"
Mozart,"Mozart- Piano Sonata in A minor, K. 310- 1st mov. Allegro maestoso","Sonata,Sonata,Sonata"
Mozart,"Mozart- Piano Sonata in A minor, K. 310- 3rd mov. Presto","Rondo-Sonata,Rondo-Sonata,Rondo-Sonata"
Mozart,"Mozart- Piano Sonata in D major, K. 311- 1st mov. Allegro con spirito","Sonata,Sonata,Sonata"
Mozart,"Mozart- Piano Sonata in D major, K. 311- 2nd mov. Andante con espressione","Rondo-Sonata,Rondo-Sonata,Rondo-Sonata"
Mozart,"Mozart- Piano Sonata in D major, K. 311- 3rd mov. Rondeau, Allegro","Rondo,Rondo-Sonata,Rondo-Sonata"
Mozart,"Mozart- Piano Sonata in C major, K. 330- 1st mov. Allegro moderato","Sonata,Sonata,Sonata"
Mozart,"Mozart- Piano Sonata in C major, K. 330- 2nd mov. Andante cantabile","Ternary,Ternary"
Mozart,"Mozart- Piano Sonata in C major, K. 330- 3rd mov. Allegretto","Sonata,Sonata,Sonata"
Mozart,Mozart- Piano Sonata in A major ('Alla Turca') K. 331- 2nd mov. Menuetto,"Minuet,Minuet,Minuet"
Mozart,"Mozart- Piano Sonata in A major ('Alla Turca') K. 331- 3rd mov. Alla Turca, Allegretto","Ternary,Ternary"
Mozart,"Mozart- Piano Sonata in F major, K. 332- 1st mov. Allegro","Sonata,Sonata,Sonata"
Mozart,"Mozart- Piano Sonata in F major, K. 332- 2nd mov. Adagio","Sonata,Sonata,Sonata"
Mozart,"Mozart- Piano Sonata in F major, K. 332- 3rd mov. Allegro assai","Sonata,Sonata,Sonata"
Mozart,"Mozart- Piano Sonata in B flat major, K. 333- 1st mov. Allegro","Sonata,Sonata,Sonata"
Mozart,"Mozart- Piano Sonata in B flat major, K. 333- 2nd mov. Andante cantabile","Sonata,Sonata,Sonata"
Mozart,"Mozart- Piano Sonata in B flat major, K. 333- 3rd mov. Allegretto grazioso","Rondo-Sonata,Rondo-Sonata,Rondo-Sonata"
Mozart,"Mozart- Piano Sonata in C minor, K. 457- 1st mov. Molto allegro","Sonata,Sonata,Sonata"
Mozart,"Mozart- Piano Sonata in C minor, K. 457- 2nd mov. Adagio","Rondo,Rondo,Rondo"
Mozart,"Mozart- Piano Sonata in C minor, K. 457- 3rd mov. Allegro assai","Rondo-Sonata,Rondo-Sonata,Rondo-Sonata"
Mozart,"Mozart- Piano Sonata in F major, K. 533 & 494- 1st mov. Allegro [K. 533]","Sonata,Sonata,Sonata"
Mozart,"Mozart- Piano Sonata in F major, K. 533 & 494- 2nd mov. Andante [K. 533]","Sonata,Sonata,Sonata"
Mozart,"Mozart- Piano Sonata in F major, K. 533 & 494- 3rd mov. Rondo - Allegretto [K. 494]","Rondo-Sonata,Rondo-Sonata,Rondo-Sonata"
Mozart,Mozart- Piano Sonata in C major ('Sonata semplice') K. 545- 1st mov. Allegro,"Sonata,Sonata,Sonata"
Mozart,Mozart- Piano Sonata in C major ('Sonata semplice') K. 545- 2nd mov. Andante,"Rondo,Rondo,Rondo"
Mozart,Mozart- Piano Sonata in C major ('Sonata semplice') K. 545- 3rd mov. Rondo (Allegretto),"Rondo,Rondo,Rondo"
Mozart,"Mozart- Piano Sonata in B flat major, K. 570- 1st mov. Allegro","Sonata,Sonata,Sonata"
Mozart,"Mozart- Piano Sonata in B flat major, K. 570- 2nd mov. Adagio","Rondo,Rondo,Rondo"
Mozart,"Mozart- Piano Sonata in B flat major, K. 570- 3rd mov. Allegretto","Ternary"
Mozart,Mozart- Piano Sonata in D major K. 576- 1st mov. Allegro,"Sonata,Sonata,Sonata"
Mozart,Mozart- Piano Sonata in D major K. 576- 2nd mov. Adagio,"Rondo,Ternary"
Mozart,Mozart- Piano Sonata in D major K. 576- 3rd mov. Allegretto,"Ternary,Rondo-Sonata,Rondo-Sonata"
Beethoven,"Beethoven - Piano Sonata No. 1 in F Minor, Op. 2 No. 1 - I. Allegro","Sonata,Sonata,Sonata"
Beethoven,"Beethoven - Piano Sonata No. 1 in F Minor, Op. 2 No. 1 - II. Adagio","Rondo,Sonata,Sonata"
Beethoven,"Beethoven - Piano Sonata No. 1 in F Minor, Op. 2 No. 1 - III. Menuetto. Allegretto","Ternary,Minuet,Minuet"
Beethoven,"Beethoven - Piano Sonata No. 1 in F Minor, Op. 2 No. 1 - IV. Prestissimo","Sonata,Sonata,Sonata"
Beethoven,"Beethoven - Piano Sonata No. 2 in A Major, Op. 2 No. 2 - I. Allegro vivace","Sonata,Sonata,Sonata"
Beethoven,"Beethoven - Piano Sonata No. 2 in A Major, Op. 2 No. 2 - II. Largo appassionato","Ternary,Ternary,Rondo"
Beethoven,"Beethoven - Piano Sonata No. 2 in A Major, Op. 2 No. 2 - III. Scherzo. Allegretto","Scherzo,Scherzo,Scherzo"
Beethoven,"Beethoven - Piano Sonata No. 2 in A Major, Op. 2 No. 2 - IV. Rondo. Grazioso","Rondo,Rondo-Sonata,Rondo"
Beethoven,"Beethoven - Piano Sonata No. 3 in C Major, Op. 2 No. 3 - I. Allegro con brio","Sonata,Sonata,Sonata"
Beethoven,"Beethoven - Piano Sonata No. 3 in C Major, Op. 2 No. 3 - II. Adagio","Rondo,Rondo,Rondo"
Beethoven,"Beethoven - Piano Sonata No. 3 in C Major, Op. 2 No. 3 - III. Scherzo. Allegro","Scherzo,Scherzo,Scherzo"
Beethoven,"Beethoven - Piano Sonata No. 3 in C Major, Op. 2 No. 3 - IV. Allegro assai","Rondo,Rondo-Sonata,Rondo"
Beethoven,"Beethoven - Piano Sonata No. 4 in E-Flat Major, Op. 7 'Grand Sonata' - I. Allegro molto e con brio","Sonata,Sonata,Sonata"
Beethoven,"Beethoven - Piano Sonata No. 4 in E-Flat Major, Op. 7 'Grand Sonata' - II. Largo, con gran...","Ternary,Ternary,Ternary"
Beethoven,"Beethoven - Piano Sonata No. 4 in E-Flat Major, Op. 7 'Grand Sonata' - III. Allegro - Trio","Scherzo,Scherzo,Scherzo"
Beethoven,"Beethoven - Piano Sonata No. 4 in E-Flat Major, Op. 7 'Grand Sonata' - IV. Rondo. Poco...","Rondo,Rondo-Sonata,Rondo"
Beethoven,"Beethoven - Piano Sonata No. 5 in C Minor, Op. 10 No. 1 - I. Allegro molto e con brio","Sonata,Sonata,Sonata"
Beethoven,"Beethoven - Piano Sonata No. 5 in C Minor, Op. 10 No. 1 - II. Adagio molto","Sonata,Sonata,Sonata"
Beethoven,"Beethoven - Piano Sonata No. 5 in C Minor, Op. 10 No. 1 - III. Finale. Prestissimo","Sonata,Sonata,Sonata"
Beethoven,"Beethoven - Piano Sonata No. 6 in F Major, Op. 10 No. 2 - I. Allegro","Sonata,Sonata,Sonata"
Beethoven,"Beethoven - Piano Sonata No. 6 in F Major, Op. 10 No. 2 - II. Allegretto","Ternary,Ternary,Minuet"
Beethoven,"Beethoven - Piano Sonata No. 6 in F Major, Op. 10 No. 2 - III. Presto","Sonata,Sonata,Sonata"
Beethoven,"Beethoven - Piano Sonata No. 7 in D Major, Op. 10 No. 3 - I. Presto","Sonata,Sonata,Sonata"
Beethoven,"Beethoven - Piano Sonata No. 7 in D Major, Op. 10 No. 3 - II. Largo e mesto","Ternary,Ternary,Sonata"
Beethoven,"Beethoven - Piano Sonata No. 7 in D Major, Op. 10 No. 3 - III. Menuetto. Allegro","Ternary,Minuet,Minuet"
Beethoven,"Beethoven - Piano Sonata No. 7 in D Major, Op. 10 No. 3 - IV. Rondo. Allegro","Rondo,Rondo,Rondo"
Beethoven,"Beethoven - Piano Sonata No. 8 in C Minor, Op. 13 'Pathétique' - I. Grave - Allegro di molto e...","Sonata,Sonata,Sonata"
Beethoven,"Beethoven - Piano Sonata No. 8 in C Minor, Op. 13 'Pathétique' - II. Adagio cantabile","Rondo,Rondo,Rondo"
Beethoven,"Beethoven - Piano Sonata No. 8 in C Minor, Op. 13 'Pathétique' - III. Rondo. Allegro","Rondo,Rondo-Sonata,Rondo"
Beethoven,"Beethoven - Piano Sonata No. 9 in E Major, Op. 14 No. 1 - I. Allegro","Sonata,Sonata,Sonata"
Beethoven,"Beethoven - Piano Sonata No. 9 in E Major, Op. 14 No. 1 - II. Allegretto","Ternary,Ternary,Minuet"
Beethoven,"Beethoven - Piano Sonata No. 9 in E Major, Op. 14 No. 1 - III. Rondo. Allegro comodo","Rondo,Rondo-Sonata,Rondo"
Beethoven,"Beethoven - Piano Sonata No. 10 in G Major, Op. 14 No. 2 - I. Allegro","Sonata,Sonata,Sonata"
Beethoven,"Beethoven - Piano Sonata No. 10 in G Major, Op. 14 No. 2 - II. Andante","Variation,Variation,Variation"
Beethoven,"Beethoven - Piano Sonata No. 10 in G Major, Op. 14 No. 2 - III. Scherzo. Allegro assai","Rondo,Rondo,Rondo"
Beethoven,"Beethoven - Piano Sonata No. 11 in B-Flat Major, Op. 22 - I. Allegro con brio","Sonata,Sonata,Sonata"
Beethoven,"Beethoven - Piano Sonata No. 11 in B-Flat Major, Op. 22 - II. Adagio con molto espressione","Sonata,Sonata,Sonata"
Beethoven,"Beethoven - Piano Sonata No. 11 in B-Flat Major, Op. 22 - III. Menuetto","Ternary,Minuet,Minuet"
Beethoven,"Beethoven - Piano Sonata No. 11 in B-Flat Major, Op. 22 - IV. Rondo. Allegretto","Rondo,Rondo-Sonata,Rondo"
Beethoven,"Beethoven - Piano Sonata No. 12 in A-Flat Major, Op. 26 'Funeral March' - I. Andante con variazioni","Variation,Variation,Variation"
Beethoven,"Beethoven - Piano Sonata No. 12 in A-Flat Major, Op. 26 'Funeral March' - II. Scherzo. Allegro molto","Ternary,Scherzo,Scherzo"
Beethoven,"Beethoven - Piano Sonata No. 12 in A-Flat Major, Op. 26 'Funeral March' - III. Marcia funebre...","Ternary,Ternary,Minuet"
Beethoven,"Beethoven - Piano Sonata No. 12 in A-Flat Major, Op. 26 'Funeral March' - IV. Allegro","Rondo,Rondo-Sonata,Rondo"
Beethoven,"Beethoven - Piano Sonata No. 13 in E-Flat Major, Op. 27 No. 1 'Quasi una fantasia' - I. Andante...","Ternary,Ternary"
Beethoven,"Beethoven - Piano Sonata No. 13 in E-Flat Major, Op. 27 No. 1 'Quasi una fantasia' - II. Allegro...","Ternary,Ternary,Scherzo"
Beethoven,"Beethoven - Piano Sonata No. 13 in E-Flat Major, Op. 27 No. 1 'Quasi una fantasia' - III. Adagio...","Ternary,Ternary,Ternary"
Beethoven,"Beethoven - Piano Sonata No. 13 in E-Flat Major, Op. 27 No. 1 'Quasi una fantasia' - IV. Allegro...","Rondo,Rondo-Sonata,Rondo"
Beethoven,"Beethoven - Piano Sonata No. 14 in C-Sharp Minor, Op. 27 No. 2 'Moonlight' - I. Adagio sostenuto","Sonata,Sonata,Sonata"
Beethoven,"Beethoven - Piano Sonata No. 14 in C-Sharp Minor, Op. 27 No. 2 'Moonlight' - II. Allegretto","Ternary,Minuet"
Beethoven,"Beethoven - Piano Sonata No. 14 in C-Sharp Minor, Op. 27 No. 2 'Moonlight' - III. Presto agitato","Sonata,Sonata,Sonata"
Beethoven,"Beethoven - Piano Sonata No. 15 in D Major, Op. 28 'Pastorale' - I. Allegro","Sonata,Sonata,Sonata"
Beethoven,"Beethoven - Piano Sonata No. 15 in D Major, Op. 28 'Pastorale' - II. Andante","Ternary,Ternary"
Beethoven,"Beethoven - Piano Sonata No. 15 in D Major, Op. 28 'Pastorale' - III. Scherzo. Allegro vivace","Scherzo,Scherzo"
Beethoven,"Beethoven - Piano Sonata No. 15 in D Major, Op. 28 'Pastorale' - IV. Rondo. Allegro ma non troppo","Rondo,Rondo-Sonata,Rondo"
Beethoven,"Beethoven - Piano Sonata No. 16 in G Major, Op. 31 No. 1 - I. Allegro vivace","Sonata,Sonata,Sonata"
Beethoven,"Beethoven - Piano Sonata No. 16 in G Major, Op. 31 No. 1 - II. Adagio grazioso","Rondo,Rondo,Ternary"
Beethoven,"Beethoven - Piano Sonata No. 16 in G Major, Op. 31 No. 1 - III. Rondo. Allegretto","Rondo,Rondo-Sonata,Rondo"
Beethoven,"Beethoven - Piano Sonata No. 17 in D Minor, Op. 31 No. 2 'The Tempest' - I. Largo - Allegro","Sonata,Sonata,Sonata"
Beethoven,"Beethoven - Piano Sonata No. 17 in D Minor, Op. 31 No. 2 'The Tempest' - II. Adagio","Sonata,Sonata,Sonata"
Beethoven,"Beethoven - Piano Sonata No. 17 in D Minor, Op. 31 No. 2 'The Tempest' - III. Allegretto","Sonata,Sonata,Sonata"
Beethoven,"Beethoven - Piano Sonata No. 18 in E-Flat Major, Op. 31 No. 3 'The Hunt' - I. Allegro","Sonata,Sonata,Sonata"
Beethoven,"Beethoven - Piano Sonata No. 18 in E-Flat Major, Op. 31 No. 3 'The Hunt' - II. Scherzo....","Sonata,Sonata,Sonata"
Beethoven,"Beethoven - Piano Sonata No. 18 in E-Flat Major, Op. 31 No. 3 'The Hunt' - III. Menuetto....","Ternary,Minuet,Minuet"
Beethoven,"Beethoven - Piano Sonata No. 18 in E-Flat Major, Op. 31 No. 3 'The Hunt' - IV. Presto con fuoco","Sonata,Sonata,Sonata"
Beethoven,"Beethoven - Piano Sonata No. 19 in G Minor, Op. 49 No. 1 - I. Andante","Sonata,Sonata,Sonata"
Beethoven,"Beethoven - Piano Sonata No. 19 in G Minor, Op. 49 No. 1 - II. Rondo. Allegro","Rondo,Rondo-Sonata,Rondo"
Beethoven,"Beethoven - Piano Sonata No. 20 in G Major, Op. 49 No. 2 - I. Allegro ma non troppo","Sonata,Sonata,Sonata"
Beethoven,"Beethoven - Piano Sonata No. 20 in G Major, Op. 49 No. 2 - II. Tempo di Menuetto","Rondo,Rondo,Rondo"
Beethoven,"Beethoven - Piano Sonata No. 21 in C Major, Op. 53 'Waldstein' - I. Allegro con brio","Sonata,Sonata,Sonata"
Beethoven,"Beethoven - Piano Sonata No. 21 in C Major, Op. 53 'Waldstein' - II. Introduzione. Adagio molto",Rondo
Beethoven,"Beethoven - Piano Sonata No. 21 in C Major, Op. 53 'Waldstein' - III. Rondo. Allegretto moderato...",Rondo
Beethoven,"Beethoven - Piano Sonata No. 22 in F Major, Op. 54 - I. In Tempo d'un Menuetto","Rondo,Rondo,Minuet"
Beethoven,"Beethoven - Piano Sonata No. 22 in F Major, Op. 54 - II. Allegretto - Più Allegro","Sonata,Sonata,Sonata"
Beethoven,"Beethoven - Piano Sonata No. 23 in F Minor, Op. 57 'Appassionata' - I. Allegro assai","Sonata,Sonata,Sonata"
Beethoven,"Beethoven - Piano Sonata No. 23 in F Minor, Op. 57 'Appassionata' - II. Andante con moto","Variation,Variation,Variation"
Beethoven,"Beethoven - Piano Sonata No. 23 in F Minor, Op. 57 'Appassionata' - III. Allegro ma non troppo","Sonata,Sonata,Sonata"
Beethoven,"Beethoven - Piano Sonata No. 24 in F-Sharp Major, Op. 78 'À Thérèse' - I. Adagio cantabile -...","Sonata,Sonata,Sonata"
Beethoven,"Beethoven - Piano Sonata No. 24 in F-Sharp Major, Op. 78 'À Thérèse' - II. Allegro vivace","Rondo,Rondo,Sonata"
Beethoven,"Beethoven - Piano Sonata No. 25 in G Major, Op. 79 'Sonatina' - I. Presto alla tedesca","Sonata,Sonata,Sonata"
Beethoven,"Beethoven - Piano Sonata No. 25 in G Major, Op. 79 'Sonatina' - II. Andante","Ternary,Ternary,Ternary"
Beethoven,"Beethoven - Piano Sonata No. 25 in G Major, Op. 79 'Sonatina' - III. Vivace","Rondo,Rondo,Rondo"
Beethoven,"Beethoven - Piano Sonata No. 26 in E-Flat Major, Op. 81a 'Les Adieux' - I. Das Lebewohl. Adagio...","Sonata,Sonata,Sonata"
Beethoven,"Beethoven - Piano Sonata No. 26 in E-Flat Major, Op. 81a 'Les Adieux' - II. Abwesenheit. Andante...","Sonata,Sonata,Sonata"
Beethoven,"Beethoven - Piano Sonata No. 26 in E-Flat Major, Op. 81a 'Les Adieux' - III. Das Wiedersehen....","Sonata,Sonata,Sonata"
Beethoven,"Beethoven - Piano Sonata No. 27 in E Minor, Op. 90 - I. Mit Lebhaftigkeit und durchaus mit...","Sonata,Sonata,Sonata"
Beethoven,"Beethoven - Piano Sonata No. 27 in E Minor, Op. 90 - II. Nicht zu geschwind und sehr singbar...","Rondo,Rondo-Sonata,Rondo"
Beethoven,"Beethoven - Piano Sonata No. 28 in A Major, Op. 101 - I. Etwas lebhaft und mit der innigsten...","Sonata,Sonata,Sonata"
Beethoven,"Beethoven - Piano Sonata No. 28 in A Major, Op. 101 - II. Lebhaft, marschmäßig. Vivace alla marcia","Ternary,Ternary,Ternary"
Beethoven,"Beethoven - Piano Sonata No. 28 in A Major, Op. 101 - IV. Geschwind, doch nicht zu sehr und mit...","Sonata,Sonata,Sonata"
Beethoven,"Beethoven - Piano Sonata No. 29 in B-Flat Major, Op. 106 'Hammerklavier' - I. Allegro","Sonata,Sonata,Sonata,Sonata"
Beethoven,"Beethoven - Piano Sonata No. 29 in B-Flat Major, Op. 106 'Hammerklavier' - II. Scherzo. Assai vivace","Ternary,Scherzo,Scherzo"
Beethoven,"Beethoven - Piano Sonata No. 29 in B-Flat Major, Op. 106 'Hammerklavier' - III. Adagio sostenuto","Sonata,Sonata,Sonata"
Beethoven,"Beethoven - Piano Sonata No. 30 in E Major, Op. 109 - I. Vivace, ma non troppo - Adagio...","Rondo,Rondo,Sonata"
Beethoven,"Beethoven - Piano Sonata No. 30 in E Major, Op. 109 - II. Prestissimo","Sonata,Sonata,Sonata"
Beethoven,"Beethoven - Piano Sonata No. 31 in A-Flat Major, Op. 110 - I. Moderato cantabile molto espressivo","Sonata,Sonata,Sonata"
Beethoven,"Beethoven - Piano Sonata No. 31 in A-Flat Major, Op. 110 - II. Allegro molto","Ternary,Scherzo,Scherzo"
Beethoven,"Beethoven - Piano Sonata No. 32 in C Minor, Op. 111 - I. Maestoso - Allegro con brio ed appassionato","Sonata,Sonata,Sonata"
Czerny,"Sonata No. 1 in A-Flat Major, Op. 7 - I. Andante - Allegro moderato ed espressivo",Sonata
Czerny,"Sonata No. 1 in A-Flat Major, Op. 7 - II. Prestissimo agitato",Scherzo
Czerny,"Sonata No. 1 in A-Flat Major, Op. 7 - III. Adagio espressivo e cantabile",Sonata
Czerny,"Sonata No. 1 in A-Flat Major, Op. 7 - IV. Rondo. Allegretto",Rondo-Sonata
Czerny,"Piano Sonata No. 2 in A Minor, Op. 13 - I. Molto allegro",Sonata
Czerny,"Piano Sonata No. 2 in A Minor, Op. 13 - II. Adagio sostenuto",Ternary
Czerny,"Piano Sonata No. 2 in A Minor, Op. 13 - III. Scherzo. Presto - Trio",Scherzo
Czerny,"Piano Sonata No. 2 in A Minor, Op. 13 - IV. Allegro agitato",Sonata
Czerny,"Piano Sonata No. 3 in F Minor, Op. 57 - I. Allegro moderato",Sonata
Czerny,"Piano Sonata No. 3 in F Minor, Op. 57 - II. Andante con moto ma serioso","Ternary,Rondo"
Czerny,"Piano Sonata No. 3 in F Minor, Op. 57 - III. Scherzo. Allegro molto agitato",Scherzo
Czerny,"Piano Sonata No. 3 in F Minor, Op. 57 - IV. Finale. Allegro ma non troppo, Capriccioso",Sonata
Czerny,"Piano Sonata No. 4 in G Major, Op. 65 - I. Allegro vivace con energia",Sonata
Czerny,"Piano Sonata No. 4 in G Major, Op. 65 - II. Adagio molto espressivo",Sonata
Czerny,"Piano Sonata No. 4 in G Major, Op. 65 - III. Presto",Binary
Czerny,"Piano Sonata No. 4 in G Major, Op. 65 - IV. Finale. Rondino scherzando",Rondo
Czerny,"Piano Sonata No. 5 in E Major, Op. 76 - I. Allegro molto moderato ed espressivo","Ternary,Rondo"
Czerny,"Piano Sonata No. 5 in E Major, Op. 76 - II. Aria. Andante cantabile",Ternary
Czerny,"Piano Sonata No. 5 in E Major, Op. 76 - III. Scherzo. Presto",Scherzo
Czerny,"Piano Sonata No. 5 in E Major, Op. 76 - IV. Andantino con Variazione",Variation
Czerny,"Piano Sonata No. 5 in E Major, Op. 76 - V. Finale. Toccatina - Allegro moderato",Binary
Czerny,"Piano Sonata No. 6 in D Minor, Op. 124 - I. Introduzione. Adagio sostenuto ed espressivo",Sonata
Czerny,"Piano Sonata No. 6 in D Minor, Op. 124 - II. Allegretto con moto - vivace ma serioso",Rondo
Czerny,"Piano Sonata No. 6 in D Minor, Op. 124 - III. Scherzo & Trio. Presto",Scherzo
Czerny,"Piano Sonata No. 6 in D Minor, Op. 124 - IV. Chorale der Böhmen",Variation
Czerny,"Piano Sonata No. 6 in D Minor, Op. 124 - V. Presto scherzando",Scherzo
Czerny,"Piano Sonata No. 6 in D Minor, Op. 124 - VI. Finale. Allegro con fuoco",Sonata
Czerny,"Piano Sonata No. 7 in E Minor, Op. 143 - I. Allegro spiritoso",Sonata
Czerny,"Piano Sonata No. 7 in E Minor, Op. 143 - II. Andante. Sempre legato",Ternary
Czerny,"Piano Sonata No. 7 in E Minor, Op. 143 - III. Scherzo. Allegro vivo",Scherzo
Czerny,"Piano Sonata No. 7 in E Minor, Op. 143 - IV. Allegretto",Ternary
Czerny,"Piano Sonata No. 7 in E Minor, Op. 143 - V. Finale. Allegro molto",Sonata
Czerny,"Piano Sonata No. 8 in E-Flat Major, Op. 144 - I. Allegro moderato",Sonata
Czerny,"Piano Sonata No. 8 in E-Flat Major, Op. 144 - II. Menuetto & Trio - Allegro non troppo",Scherzo
Czerny,"Piano Sonata No. 8 in E-Flat Major, Op. 144 - III. Adagio con sentimento",Rondo-Sonata
Czerny,"Piano Sonata No. 8 in E-Flat Major, Op. 144 - IV. Scherzo. Prestissimo",Ternary
Czerny,"Piano Sonata No. 8 in E-Flat Major, Op. 144 - V. Rondo. Allegretto moderatissimo",Rondo
Czerny,"Piano Sonata No. 9 in B Minor, Op. 145 - I. Allegro con brio",Sonata
Czerny,"Piano Sonata No. 9 in B Minor, Op. 145 - II. Scherzo. Allegro molto - Trio, Un poco sostenuto",Scherzo
Czerny,"Piano Sonata No. 9 in B Minor, Op. 145 - III. Adagio, Molto espressivo",Sonata
Czerny,"Piano Sonata No. 9 in B Minor, Op. 145 - IV. Allegro vivace",Scherzo
Czerny,"Piano Sonata No. 9 in B Minor, Op. 145 - V. Rondo. Allegro moderato",Rondo-Sonata
Czerny,"Piano Sonata No.10 in B-Flat Major, Op. 268 - I. Allegro con spirito",Sonata
Czerny,"Piano Sonata No.10 in B-Flat Major, Op. 268 - II. Adagio espressivo",Ternary
Czerny,"Piano Sonata No.10 in B-Flat Major, Op. 268 - III. Scherzo - Molto allegro quasi presto",Scherzo
Czerny,"Piano Sonata No.10 in B-Flat Major, Op. 268 - IV. Finale - Allegro con fuoco",Rondo-Sonata
Czerny,"Piano Sonata No. 11 in D-Flat Major, Op. 730 - I. Allegro agitato con spirito",Rondo-Sonata
Czerny,"Piano Sonata No. 11 in D-Flat Major, Op. 730 - II. Adagio con espressione",Rondo
Czerny,"Piano Sonata No. 11 in D-Flat Major, Op. 730 - III. Scherzo. Molto allegro",Scherzo
Czerny,"Piano Sonata No. 11 in D-Flat Major, Op. 730 - IV. Finale. Allegretto con anima",Rondo
Clementi,"Muzio Clementi, Costantino Mastroprimiano - Sonata in E-Flat Major, Op. 1 No. 1- I. Allegro con comodo",Sonata
Clementi,"Muzio Clementi, Costantino Mastroprimiano - Sonata in E-Flat Major, Op. 1 No. 1- II. Tempo di minuetto",Ternary
Clementi,"Muzio Clementi, Costantino Mastroprimiano - Sonata in G Major, Op. 1 No. 2- I. Spiritoso",Sonata
Clementi,"Muzio Clementi, Costantino Mastroprimiano - Sonata in G Major, Op. 1 No. 2- II. Allegro assai",Rondo
Clementi,"Muzio Clementi, Costantino Mastroprimiano - Sonata in B-Flat Major, Op. 1 No. 3- I. Maestoso",Sonata
Clementi,"Muzio Clementi, Costantino Mastroprimiano - Sonata in B-Flat Major, Op. 1 No. 3- II. Andantino grazioso",Ternary
Clementi,"Muzio Clementi, Costantino Mastroprimiano - Sonata in F Major, Op. 1 No. 4- I. Spiritoso",Sonata
Clementi,"Muzio Clementi, Costantino Mastroprimiano - Sonata in F Major, Op. 1 No. 4- II. Larghetto",Ternary
Clementi,"Muzio Clementi, Costantino Mastroprimiano - Sonata in F Major, Op. 1 No. 4- III. Rondeaux",Rondo
Clementi,"Muzio Clementi, Costantino Mastroprimiano - Sonata in A Major, Op. 1 No. 5- I. Larghetto",Sonata
Clementi,"Muzio Clementi, Costantino Mastroprimiano - Sonata in A Major, Op. 1 No. 5- II. Tempo di menuetto. Grazioso",Ternary
Clementi,"Muzio Clementi, Costantino Mastroprimiano - Sonata in E Major, Op. 1 No. 6- I. Moderato",Sonata
Clementi,"Muzio Clementi, Costantino Mastroprimiano - Sonata in E Major, Op. 1 No. 6- II. Rondeau. Grazioso",Rondo
Clementi,"Muzio Clementi, Costantino Mastroprimiano - Sonata in C Major, Op. 2 No. 2- I. Presto",Sonata
Clementi,"Muzio Clementi, Costantino Mastroprimiano - Sonata in C Major, Op. 2 No. 2- II. Rondeau. Spiritoso",Rondo
Clementi,"Muzio Clementi, Costantino Mastroprimiano - Sonata in A Major, Op. 2 No. 4- I. Allegro assai",Sonata
Clementi,"Muzio Clementi, Costantino Mastroprimiano - Sonata in A Major, Op. 2 No. 4- II. Spiritoso",Rondo
Clementi,"Muzio Clementi, Costantino Mastroprimiano - Sonata in B-Flat Major, Op. 2 No. 6- I. Allegro di molto",Sonata
Clementi,"Muzio Clementi, Costantino Mastroprimiano - Sonata in B-Flat Major, Op. 2 No. 6- II. Prestissimo",Sonata
Clementi,"Muzio Clementi, Costantino Mastroprimiano - Sonata in E-Flat Major, Op. 7 No. 1- I. Allegro assai",Sonata
Clementi,"Muzio Clementi, Costantino Mastroprimiano - Sonata in E-Flat Major, Op. 7 No. 1- II. Mesto",Ternary
Clementi,"Muzio Clementi, Costantino Mastroprimiano - Sonata in E-Flat Major, Op. 7 No. 1- III. Rondeau. Allegro",Rondo
Clementi,"Muzio Clementi, Costantino Mastroprimiano - Sonata in C Major, Op. 7 No. 2- I. Presto",Sonata
Clementi,"Muzio Clementi, Costantino Mastroprimiano - Sonata in C Major, Op. 7 No. 2- II. Andantino allegretto - Presto - Allegretto",Ternary
Clementi,"Muzio Clementi, Costantino Mastroprimiano - Sonata in G Minor, Op. 7 No. 3- I. Allegro con spirito",Sonata
Clementi,"Muzio Clementi, Costantino Mastroprimiano - Sonata in G Minor, Op. 7 No. 3- II. Cantabile e lento",Binary
Clementi,"Muzio Clementi, Costantino Mastroprimiano - Sonata in G Minor, Op. 7 No. 3- III. Presto",Sonata
Clementi,"Muzio Clementi, Costantino Mastroprimiano - Sonata in G Minor, Op. 8 No. 1- I. Allegro con molto spirito",Sonata
Clementi,"Muzio Clementi, Costantino Mastroprimiano - Sonata in G Minor, Op. 8 No. 1- II. Andante cantabile",Ternary
Clementi,"Muzio Clementi, Costantino Mastroprimiano - Sonata in G Minor, Op. 8 No. 1- III. Presto",Sonata
Clementi,"Muzio Clementi, Costantino Mastroprimiano - Sonata in E-Flat Major, Op. 8 No. 2- I. Allegro assai",Sonata
Clementi,"Muzio Clementi, Costantino Mastroprimiano - Sonata in E-Flat Major, Op. 8 No. 2- II. Larghetto",Ternary
Clementi,"Muzio Clementi, Costantino Mastroprimiano - Sonata in E-Flat Major, Op. 8 No. 2- III. Rondeau. Allegro",Rondo
Clementi,"Muzio Clementi, Costantino Mastroprimiano - Sonata in B-Flat Major, Op. 8 No. 3- I. Presto",Sonata
Clementi,"Muzio Clementi, Costantino Mastroprimiano - Sonata in B-Flat Major, Op. 8 No. 3- II. Minuetto. Allegro",Ternary
Clementi,"Muzio Clementi, Costantino Mastroprimiano - Sonata in B-Flat Major, Op. 8 No. 3- III. Rondeau. Allegretto grazioso",Rondo
Clementi,"Muzio Clementi, Costantino Mastroprimiano - Sonata in B-Flat Major, Op. 9 No. 1- I. Allegro assai",Sonata
Clementi,"Muzio Clementi, Costantino Mastroprimiano - Sonata in B-Flat Major, Op. 9 No. 1- II. Larghetto",Ternary
Clementi,"Muzio Clementi, Costantino Mastroprimiano - Sonata in B-Flat Major, Op. 9 No. 1- III. Rondo. Prestissimo",Rondo
Clementi,"Muzio Clementi, Costantino Mastroprimiano - Sonata in C Major, Op. 9 No. 2- I. Allegro assai",Sonata
Clementi,"Muzio Clementi, Costantino Mastroprimiano - Sonata in C Major, Op. 9 No. 2- II. Lento",Binary
Clementi,"Muzio Clementi, Costantino Mastroprimiano - Sonata in C Major, Op. 9 No. 2- III. Rondo. Allegro spiritoso",Rondo
Clementi,"Muzio Clementi, Costantino Mastroprimiano - Sonata in E-Flat Major, Op. 9 No. 3- I. Allegro assai",Sonata
Clementi,"Muzio Clementi, Costantino Mastroprimiano - Sonata in E-Flat Major, Op. 9 No. 3- II. Larghetto",Ternary
Clementi,"Muzio Clementi, Costantino Mastroprimiano - Sonata in E-Flat Major, Op. 9 No. 3- III. Prestissimo",Sonata
Clementi,"Muzio Clementi, Costantino Mastroprimiano - Sonata in A Major, Op. 10 No. 1- I. Allegro con spiritoso",Sonata
Clementi,"Muzio Clementi, Costantino Mastroprimiano - Sonata in A Major, Op. 10 No. 1- II. Minuetto. Allegro con molto - Trio",Ternary
Clementi,"Muzio Clementi, Costantino Mastroprimiano - Sonata in A Major, Op. 10 No. 1- III. Prestissimo",Sonata
Clementi,"Muzio Clementi, Costantino Mastroprimiano - Sonata in D Major, Op. 10 No. 2- I. Andante. Maestoso",Sonata
Clementi,"Muzio Clementi, Costantino Mastroprimiano - Sonata in D Major, Op. 10 No. 2- II. Presto",Sonata
Clementi,"Muzio Clementi, Costantino Mastroprimiano - Sonata in B-Flat Major, Op. 10 No. 3- I. Presto",Sonata
Clementi,"Muzio Clementi, Costantino Mastroprimiano - Sonata in B-Flat Major, Op. 10 No. 3- II. Tempo di minuetto con espressione e andante",Ternary
Clementi,"Muzio Clementi, Costantino Mastroprimiano - Sonata in B-Flat Major, Op. 10 No. 3- III. Allegro assai",Sonata
Clementi,"Muzio Clementi, Costantino Mastroprimiano - Sonata in E-Flat Major, Op. 11- I. Allegro (Second Version)",Sonata
Clementi,"Muzio Clementi, Costantino Mastroprimiano - Sonata in E-Flat Major, Op. 11- II. Larghetto con espressione (Second Version)",Ternary
Clementi,"Muzio Clementi, Costantino Mastroprimiano - Sonata in E-Flat Major, Op. 11- III. Rondo. Allegro di molto (Second Version)",Rondo
Clementi,"Muzio Clementi, Costantino Mastroprimiano - Sonata in B-Flat Major, Op. 12 No. 1- I. Presto",Sonata
Clementi,"Muzio Clementi, Costantino Mastroprimiano - Sonata in B-Flat Major, Op. 12 No. 1- II. Larghetto con espressione",Ternary
Clementi,"Muzio Clementi, Costantino Mastroprimiano - Sonata in B-Flat Major, Op. 12 No. 1- III. 'Lindor' with Variations. Allegretto",Variation
Clementi,"Muzio Clementi, Costantino Mastroprimiano - Sonata in E-Flat Major, Op. 12 No. 2- I. Presto",Sonata
Clementi,"Muzio Clementi, Costantino Mastroprimiano - Sonata in E-Flat Major, Op. 12 No. 2- II. Largo",Ternary
Clementi,"Muzio Clementi, Costantino Mastroprimiano - Sonata in E-Flat Major, Op. 12 No. 2- III. Rondo. Allegro assai",Rondo
Clementi,"Muzio Clementi, Costantino Mastroprimiano - Sonata in F Major, Op. 12 No. 3- I. Allegro di molto",Sonata
Clementi,"Muzio Clementi, Costantino Mastroprimiano - Sonata in F Major, Op. 12 No. 3- II. Largo",Binary
Clementi,"Muzio Clementi, Costantino Mastroprimiano - Sonata in F Major, Op. 12 No. 3- III. Rondeau. Allegro",Rondo
Clementi,"Muzio Clementi, Costantino Mastroprimiano - Sonata in E-Flat Major, Op. 12 No. 4- I. Allegro",Sonata
Clementi,"Muzio Clementi, Costantino Mastroprimiano - Sonata in E-Flat Major, Op. 12 No. 4- II. Lento",Ternary
Clementi,"Muzio Clementi, Costantino Mastroprimiano - Sonata in E-Flat Major, Op. 12 No. 4- III. Rondeau. Allegro con spirito",Rondo
Clementi,"Muzio Clementi, Costantino Mastroprimiano - Sonata in B-Flat Major, Op. 13 No. 4- I. Allegro con spirito",Sonata
Clementi,"Muzio Clementi, Costantino Mastroprimiano - Sonata in B-Flat Major, Op. 13 No. 4- II. Adagio",Ternary
Clementi,"Muzio Clementi, Costantino Mastroprimiano - Sonata in B-Flat Major, Op. 13 No. 4- III. Allegro assai",Rondo
Clementi,"Muzio Clementi, Costantino Mastroprimiano - Sonata in F Major, Op. 13 No. 5- I. Allegro",Sonata
Clementi,"Muzio Clementi, Costantino Mastroprimiano - Sonata in F Major, Op. 13 No. 5- II. Larghetto",Ternary
Clementi,"Muzio Clementi, Costantino Mastroprimiano - Sonata in F Major, Op. 13 No. 5- III. Presto",Sonata
Clementi,"Muzio Clementi, Costantino Mastroprimiano - Sonata in F Minor, Op. 13 No. 6- I. Allegro agitato",Sonata
Clementi,"Muzio Clementi, Costantino Mastroprimiano - Sonata in F Minor, Op. 13 No. 6- II. Largo e sostenuto",Sonata
Clementi,"Muzio Clementi, Costantino Mastroprimiano - Sonata in F Minor, Op. 13 No. 6- III. Presto",Sonata
Clementi,"Muzio Clementi, Costantino Mastroprimiano - La Chasse in D Major, Op. 16- I. Allegro",Sonata
Clementi,"Muzio Clementi, Costantino Mastroprimiano - La Chasse in D Major, Op. 16- II. Andante vivace",Ternary
Clementi,"Muzio Clementi, Costantino Mastroprimiano - La Chasse in D Major, Op. 16- III. Allegro assai",Rondo
Clementi,"Muzio Clementi, Costantino Mastroprimiano - Sonata in C Major, Op. 20- I. Allegro",Sonata
Clementi,"Muzio Clementi, Costantino Mastroprimiano - Sonata in C Major, Op. 20- II. Larghetto con espressione",Ternary
Clementi,"Muzio Clementi, Costantino Mastroprimiano - Sonata in C Major, Op. 20- III. Allegro molto",Sonata
Clementi,"Muzio Clementi, Costantino Mastroprimiano - Sonata in E-Flat Major, Op. 23 No. 1- I. Allegro molto",Sonata
Clementi,"Muzio Clementi, Costantino Mastroprimiano - Sonata in E-Flat Major, Op. 23 No. 1- II. Rondeau. Vivace",Rondo
Clementi,"Muzio Clementi, Costantino Mastroprimiano - Sonata in F Major, Op. 23 No. 2- I. Allegro con spirito",Sonata
Clementi,"Muzio Clementi, Costantino Mastroprimiano - Sonata in F Major, Op. 23 No. 2- II. Adagio",Ternary
Clementi,"Muzio Clementi, Costantino Mastroprimiano - Sonata in F Major, Op. 23 No. 2- III. Rondo. Allegro con spirito",Rondo
Clementi,"Muzio Clementi, Costantino Mastroprimiano - Sonata in E-Flat Major, Op. 23 No. 3- I. Allegro con vivacità",Sonata
Clementi,"Muzio Clementi, Costantino Mastroprimiano - Sonata in E-Flat Major, Op. 23 No. 3- II. Air with 8 Variations. Allegretto vivace",Variation
Clementi,"Muzio Clementi, Costantino Mastroprimiano - Sonata in F Major, Op. 24 No. 1- I. Allegro assai",Sonata
Clementi,"Muzio Clementi, Costantino Mastroprimiano - Sonata in F Major, Op. 24 No. 1- II. Adagio",Binary
Clementi,"Muzio Clementi, Costantino Mastroprimiano - Sonata in F Major, Op. 24 No. 1- III. Arietta Con variazione. Vivace",Variation
Clementi,"Muzio Clementi, Costantino Mastroprimiano - Sonata in B-Flat Major, Op. 24 No. 2- I. Allegro con brio",Sonata
Clementi,"Muzio Clementi, Costantino Mastroprimiano - Sonata in B-Flat Major, Op. 24 No. 2- II. Andante quasi allegretto",Binary
Clementi,"Muzio Clementi, Costantino Mastroprimiano - Sonata in B-Flat Major, Op. 24 No. 2- III. Rondo. Allegro assai",Rondo
Clementi,"Muzio Clementi, Costantino Mastroprimiano - Sonata in C Major, Op. 25 No. 1- I. Allegro di molto",Sonata
Clementi,"Muzio Clementi, Costantino Mastroprimiano - Sonata in C Major, Op. 25 No. 1- II. Adagio",Ternary
Clementi,"Muzio Clementi, Costantino Mastroprimiano - Sonata in C Major, Op. 25 No. 1- III. Rondeau. Presto",Rondo
Clementi,"Muzio Clementi, Costantino Mastroprimiano - Sonata in G Major, Op. 25 No. 2- I. Allegro con brio",Sonata
Clementi,"Muzio Clementi, Costantino Mastroprimiano - Sonata in G Major, Op. 25 No. 2- II. Rondo. Un poco allegro",Rondo
Clementi,"Muzio Clementi, Costantino Mastroprimiano - Sonata in B-Flat Major, Op. 25 No. 3- I. Allegro",Sonata
Clementi,"Muzio Clementi, Costantino Mastroprimiano - Sonata in B-Flat Major, Op. 25 No. 3- II. Rondo. Vivace",Rondo
Clementi,"Muzio Clementi, Costantino Mastroprimiano - Sonata in A Major, Op. 25 No. 4- I. Maestoso e cantabile",Sonata
Clementi,"Muzio Clementi, Costantino Mastroprimiano - Sonata in A Major, Op. 25 No. 4- II. Molto allegro",Rondo
Clementi,"Muzio Clementi, Costantino Mastroprimiano - Sonata in F-Sharp Minor, Op. 25 No. 5- I. Più tosto allegro con espressione",Sonata
Clementi,"Muzio Clementi, Costantino Mastroprimiano - Sonata in F-Sharp Minor, Op. 25 No. 5- II. Lento e patetico",Binary
Clementi,"Muzio Clementi, Costantino Mastroprimiano - Sonata in F-Sharp Minor, Op. 25 No. 5- III. Presto",Sonata
Clementi,"Muzio Clementi, Costantino Mastroprimiano - Sonata in D Major, Op. 25 No. 6- I. Presto",Sonata
Clementi,"Muzio Clementi, Costantino Mastroprimiano - Sonata in D Major, Op. 25 No. 6- II. Un poco andante",Ternary
Clementi,"Muzio Clementi, Costantino Mastroprimiano - Sonata in D Major, Op. 25 No. 6- III. Rondo. Allegro assai",Rondo
Clementi,"Muzio Clementi, Costantino Mastroprimiano - Sonata in F Major, Op. 26- I. Allegro",Sonata
Clementi,"Muzio Clementi, Costantino Mastroprimiano - Sonata in F Major, Op. 26- II. Rondeau. Allegretto",Rondo
Clementi,"Muzio Clementi, Costantino Mastroprimiano - Sonata in A Major, Op. 33 No. 1- I. Allegro",Sonata
Clementi,"Muzio Clementi, Costantino Mastroprimiano - Sonata in A Major, Op. 33 No. 1- II. Presto",Rondo
Clementi,"Muzio Clementi, Costantino Mastroprimiano - Sonata in F Major, Op. 33 No. 2- I. Adagio - Allegro con fuoco",Sonata
Clementi,"Muzio Clementi, Costantino Mastroprimiano - Sonata in F Major, Op. 33 No. 2- II. Presto",Rondo
Clementi,"Muzio Clementi, Costantino Mastroprimiano - Sonata in C Major, Op. 33 No. 3- I. Allegro con spirito",Sonata
Clementi,"Muzio Clementi, Costantino Mastroprimiano - Sonata in C Major, Op. 33 No. 3- II. Adagio e cantabile con grand'espressione",Binary
Clementi,"Muzio Clementi, Costantino Mastroprimiano - Sonata in C Major, Op. 33 No. 3- III. Presto",Rondo
Clementi,"Muzio Clementi, Costantino Mastroprimiano - Sonata in C Major, Op. 34 No. 1- I. Allegro con spirito",Sonata
Clementi,"Muzio Clementi, Costantino Mastroprimiano - Sonata in C Major, Op. 34 No. 1- II. Un poco andante, quasi allegretto",Ternary
Clementi,"Muzio Clementi, Costantino Mastroprimiano - Sonata in C Major, Op. 34 No. 1- III. Finale. Allegro",Rondo
Clementi,"Muzio Clementi, Costantino Mastroprimiano - Sonata in G Minor, Op. 34 No. 2- I. Largo e sostenuto - Allegro con fuoco",Sonata
Clementi,"Muzio Clementi, Costantino Mastroprimiano - Sonata in G Minor, Op. 34 No. 2- II. Un poco adagio",Binary
Clementi,"Muzio Clementi, Costantino Mastroprimiano - Sonata in G Minor, Op. 34 No. 2- III. Finale. Molto allegro",Sonata
Clementi,"Muzio Clementi, Costantino Mastroprimiano - Sonata in C Major, Op. 37 No. 1- I. Allegro di molto",Sonata
Clementi,"Muzio Clementi, Costantino Mastroprimiano - Sonata in C Major, Op. 37 No. 1- II. Adagio sostenuto",Ternary
Clementi,"Muzio Clementi, Costantino Mastroprimiano - Sonata in C Major, Op. 37 No. 1- III. Finale. Vivace",Rondo
Clementi,"Muzio Clementi, Costantino Mastroprimiano - Sonata in G Major, Op. 37 No. 2- I. Allegro",Sonata
Clementi,"Muzio Clementi, Costantino Mastroprimiano - Sonata in G Major, Op. 37 No. 2- II. Adagio. In the Solemn Style",Binary
Clementi,"Muzio Clementi, Costantino Mastroprimiano - Sonata in G Major, Op. 37 No. 2- III. Allegro con spirito",Rondo
Clementi,"Muzio Clementi, Costantino Mastroprimiano - Sonata in D Major, Op. 37 No. 3- I. Allegro",Sonata
Clementi,"Muzio Clementi, Costantino Mastroprimiano - Sonata in D Major, Op. 37 No. 3- II. Allegretto vivace",Ternary
Clementi,"Muzio Clementi, Costantino Mastroprimiano - Sonata in D Major, Op. 37 No. 3- III. Finale. Presto",Rondo
Clementi,"Muzio Clementi, Costantino Mastroprimiano - Sonata in G Major, Op. 40 No. 1- I. Allegro molto vivace",Sonata
Clementi,"Muzio Clementi, Costantino Mastroprimiano - Sonata in G Major, Op. 40 No. 1- II. Adagio, sostenuto e cantabile",Rondo
Clementi,"Muzio Clementi, Costantino Mastroprimiano - Sonata in G Major, Op. 40 No. 1- III. Allegro. Canone I perpetuo, per moto retto - Canone II perpetuo, per moto contrario",Ternary
Clementi,"Muzio Clementi, Costantino Mastroprimiano - Sonata in G Major, Op. 40 No. 1- IV. Finale. Presto",Rondo
Clementi,"Muzio Clementi, Costantino Mastroprimiano - Sonata in B Minor, Op. 40 No. 2- I. Molto adagio e sostenuto - Allegro con fuoco e con espressione",Sonata
Clementi,"Muzio Clementi, Costantino Mastroprimiano - Sonata in B Minor, Op. 40 No. 2- II. Allegro - Tempo primo - Presto",Sonata
Clementi,"Muzio Clementi, Costantino Mastroprimiano - Sonata in D Major, Op. 40 No. 3- I. Adagio molto - Allegro",Sonata
Clementi,"Muzio Clementi, Costantino Mastroprimiano - Sonata in D Major, Op. 40 No. 3- II. Adagio con molta espressione",Ternary
Clementi,"Muzio Clementi, Costantino Mastroprimiano - Sonata in D Major, Op. 40 No. 3- III. Allegro",Rondo
Clementi,"Muzio Clementi, Costantino Mastroprimiano - Sonata in E-Flat Major, Op. 41- I. Allegro ma con grazia",Sonata
Clementi,"Muzio Clementi, Costantino Mastroprimiano - Sonata in E-Flat Major, Op. 41- II. Adagio molto e con anima",Ternary
Clementi,"Muzio Clementi, Costantino Mastroprimiano - Sonata in E-Flat Major, Op. 41- III. Allegro molto vivace",Sonata
Clementi,"Muzio Clementi, Costantino Mastroprimiano - Sonata in B-Flat Major, Op. 46- I. Allegro con brio",Sonata
Clementi,"Muzio Clementi, Costantino Mastroprimiano - Sonata in B-Flat Major, Op. 46- II. Adagio cantabile e sostenuto",Ternary
Clementi,"Muzio Clementi, Costantino Mastroprimiano - Sonata in B-Flat Major, Op. 46- III. Finale. Allegro con fuoco",Sonata
Clementi,"Muzio Clementi, Costantino Mastroprimiano - Sonata in A Major, Op. 50 No. 1- I. Allegro maestoso e con sentimento",Sonata
Clementi,"Muzio Clementi, Costantino Mastroprimiano - Sonata in A Major, Op. 50 No. 1- II. Adagio sostenuto e patetico",Ternary
Clementi,"Muzio Clementi, Costantino Mastroprimiano - Sonata in A Major, Op. 50 No. 1- III. Allegro vivace",Sonata
Clementi,"Muzio Clementi, Costantino Mastroprimiano - Sonata in D Minor, Op. 50 No. 2- I. Allegro non troppo, ma con energia",Sonata
Clementi,"Muzio Clementi, Costantino Mastroprimiano - Sonata in D Minor, Op. 50 No. 2- II. Adagio con espressione",Ternary
Clementi,"Muzio Clementi, Costantino Mastroprimiano - Sonata in D Minor, Op. 50 No. 2- III. Allegro con fuoco, ma non troppo presto",Sonata
Clementi,"Muzio Clementi, Costantino Mastroprimiano - Sonata in G Minor, Op. 50 No. 3 'Didone abbandonata'- I. Largo patetico e sostenuto - Allegro ma non espressione",Sonata
Clementi,"Muzio Clementi, Costantino Mastroprimiano - Sonata in G Minor, Op. 50 No. 3 'Didone abbandonata'- II. Adagio dolente",Ternary
Clementi,"Muzio Clementi, Costantino Mastroprimiano - Sonata in G Minor, Op. 50 No. 3 'Didone abbandonata'- III. Allegro agitato e con disperazione",Sonata
Clementi,"Muzio Clementi, Costantino Mastroprimiano - Sonata in B-Flat Major, Op. 1a No. 2- I. Allegro moderato",Sonata
Clementi,"Muzio Clementi, Costantino Mastroprimiano - Sonata in G Major, Op. 1a No. 3- I. Allegretto",Ternary
Clementi,"Muzio Clementi, Costantino Mastroprimiano - Sonata in F Major, Op. 1a No. 1- I. Andante",Rondo
Clementi,"Muzio Clementi, Costantino Mastroprimiano - Sonata in B-Flat Major, Op. 1a No. 2- II. Andantino grazioso",Ternary
Clementi,"Muzio Clementi, Costantino Mastroprimiano - Sonata in A Major, Op. 1a No. 4- I. Larghetto",Ternary
Clementi,"Muzio Clementi, Costantino Mastroprimiano - Sonata in A Major, Op. 1a No. 4- II. Tempo di minuetto",Ternary
Clementi,"Muzio Clementi, Costantino Mastroprimiano - Sonata in F Major, Op. 1a No. 1- II. Allegro. La Pantoufle avec des variations",Variation
Clementi,"Muzio Clementi, Costantino Mastroprimiano - Sonata in B-Flat Major, Op. 1a No. 2- III. Allegro. Air du balet de Mirza avec des Variations",Variation
Clementi,"Muzio Clementi, Costantino Mastroprimiano - Sonata in G Major, Op. 1a No. 3- II. Air anglaise avec des variations. 'Black Joke'",Variation
Clementi,"Muzio Clementi, Costantino Mastroprimiano - Sonata in A Major, Op. 1a No. 4- I. Larghetto",Sonata
Clementi,"Muzio Clementi, Costantino Mastroprimiano - Sonata in G Major, WoO 14- I. Allegro",Sonata
Clementi,"Muzio Clementi, Costantino Mastroprimiano - Sonata in G Major, WoO 14- II. Allegro assai",Rondo
Clementi,"Muzio Clementi, Costantino Mastroprimiano - Sonata in F Major, WoO 3- I. Vivace",Sonata
Clementi,"Muzio Clementi, Costantino Mastroprimiano - Sonata in F Major, WoO 3- II. Rondeau. Spiritoso",Rondo
Haydn,"Keyboard Sonata No. 10 in C Major, Hob. XVI, 1 - I. Allegro",Sonata
Haydn,"Keyboard Sonata No. 10 in C Major, Hob. XVI, 1 - II. Adagio",Minuet
Haydn,"Keyboard Sonata No. 10 in C Major, Hob. XVI, 1 - III. Menuet",Minuet
Haydn,"Keyboard Sonata No. 11 in B-Flat Major, Hob. XVI, 2 - I. Moderato",Sonata
Haydn,"Keyboard Sonata No. 11 in B-Flat Major, Hob. XVI, 2 - II. Largo",Binary
Haydn,"Keyboard Sonata No. 11 in B-Flat Major, Hob. XVI, 2 - III. Menuet",Minuet
Haydn,"Keyboard Sonata No. 14 in C Major, Hob. XVI, 3 - I. Allegretto",Sonata
Haydn,"Keyboard Sonata No. 14 in C Major, Hob. XVI, 3 - II. Andante",Sonata
Haydn,"Keyboard Sonata No. 9 in D Major, Hob. XVI, 4 - II. Menuet",Minuet
Haydn,"Keyboard Sonata No. 8 in A Major, Hob. XVI, 5 - II. Menuet",Minuet
Haydn,"Keyboard Sonata No. 13 in G Major, Hob. XVI, 6 - I. Allegro",Binary
Haydn,"Keyboard Sonata No. 13 in G Major, Hob. XVI -6 - III. Adagio","Binary,Minuet"
Haydn,"Keyboard Sonata No. 3 in F Major, Hob. XVI, 9 - II. Menuet",Minuet
Haydn,"Keyboard Sonata No. 6 in C Major, Hob. XVI, 10 - II. Menuet",Minuet
Haydn,"Keyboard Sonata No. 5 in G Major, Hob. XVI, 11 - III. Menuet",Binary
Haydn,"Keyboard Sonata No. 12 in A Major, Hob. XVI, 12 - II. Menuet",Minuet
Haydn,"Keyboard Sonata No. 15 in E Major, Hob. XVI, 13 - I. Moderato",Sonata
Haydn,"Keyboard Sonata No. 15 in E Major, Hob. XVI, 13 - II. Menuet","Minuet,Ternary"
Haydn,"Keyboard Sonata No. 15 in E Major, Hob. XVI, 13 - III. Finale - Presto",Sonata
Haydn,"Keyboard Sonata No. 16 in D Major, Hob. XVI, 14 - I. Allegretto moderato",Sonata
Haydn,"Keyboard Sonata No. 16 in D Major, Hob. XVI, 14 - II. Menuet","Minuet,Ternary"
Haydn,"Keyboard Sonata No. 16 in D Major, Hob. XVI, 14 - III. Finale - Allegro",Binary
Haydn,"Keyboard Sonata in E-Flat Major, Hob. XVI, 16 - I. Andante",Binary
Haydn,"Keyboard Sonata in E-Flat Major, Hob. XVI, 16 - II. Menuetto",Minuet
Haydn,"Keyboard Sonata in E-Flat Major, Hob. XVI, 16 - III. Presto",Minuet
Haydn,"Keyboard Sonata No. 20 in B-Flat Major, Hob. XVI, 18 - I. Allegro moderato",Sonata
Haydn,"Keyboard Sonata No. 20 in B-Flat Major, Hob. XVI, 18 - II. Moderato",Sonata
Haydn,"Keyboard Sonata No. 30 in D Major, Hob. XVI, 19 - I. Moderato",Sonata
Haydn,"Keyboard Sonata No. 30 in D Major, Hob. XVI, 19 - II. Andante",Binary
Haydn,"Keyboard Sonata No. 30 in D Major, Hob. XVI, 19 - III. Finale - Allegro assai",Rondo
Haydn,"Keyboard Sonata No. 33 in C Minor, Hob. XVI, 20 - I. Moderato",Sonata
Haydn,"Keyboard Sonata No. 33 in C Minor, Hob. XVI, 20 - III. Finale - Allegro",Sonata
Haydn,"Keyboard Sonata No. 36 in C Major, Hob. XVI, 21 - I. Allegro",Sonata
Haydn,"Keyboard Sonata No. 36 in C Major, Hob. XVI, 21 - II. Adagio","Minuet,Ternary"
Haydn,"Keyboard Sonata No. 36 in C Major, Hob. XVI, 21 - III. Finale - Presto",Sonata
Haydn,"Keyboard Sonata No. 37 in E Major, Hob. XVI, 22 - I. Allegro moderato",Sonata
Haydn,"Keyboard Sonata No. 37 in E Major, Hob. XVI, 22 - II. Andante","Sonata,Ternary"
Haydn,"Keyboard Sonata No. 37 in E Major, Hob. XVI, 22 - III. Finale - Tempo di menuet",Minuet
Haydn,"Keyboard Sonata No. 38 in F Major, Hob. XVI, 23 - I. Moderato",Sonata
Haydn,"Keyboard Sonata No. 38 in F Major, Hob. XVI, 23 - II. Adagio",Binary
Haydn,"Keyboard Sonata No. 38 in F Major, Hob. XVI, 23 - III. Finale - Presto","Sonata,Rondo"
Haydn,"Keyboard Sonata No. 39 in D Major, Hob. XVI, 24 - I. Allegro",Sonata
Haydn,"Keyboard Sonata No. 39 in D Major, Hob. XVI, 24 - II. Adagio - Finale - Presto","Sonata,Scherzo"
Haydn,"Keyboard Sonata No. 40 in E-Flat Major, Hob. XVI, 25 - I. Moderato",Sonata
Haydn,"Keyboard Sonata No. 40 in E-Flat Major, Hob. XVI, 25 - II. Tempo di menuet",Minuet
Haydn,"Keyboard Sonata No. 41 in A Major, Hob. XVI, 26 - I. Allegro moderato",Sonata
Haydn,"Keyboard Sonata No. 41 in A Major, Hob. XVI, 26 - II. Menuet al rovescio",Minuet
Haydn,"Keyboard Sonata No. 41 in A Major, Hob. XVI, 26 - III. Finale - Presto",Binary
Haydn,"Keyboard Sonata No. 42 in G Major, Hob. XVI, 27 - I. Allegro con brio",Sonata
Haydn,"Keyboard Sonata No. 42 in G Major, Hob. XVI, 27 - II. Menuet",Minuet
Haydn,"Keyboard Sonata No. 42 in G Major, Hob. XVI, 27 - III. Finale - Presto",Variation
Haydn,"Keyboard Sonata No. 43 in E-Flat Major, Hob. XVI, 28 - I. Allegro moderato",Sonata
Haydn,"Keyboard Sonata No. 43 in E-Flat Major, Hob. XVI, 28 - II. Menuet","Minuet,Sonata,Binary"
Haydn,"Keyboard Sonata No. 43 in E-Flat Major, Hob. XVI, 28 - III. Finale - Presto","Variation,Sonata"
Haydn,"Keyboard Sonata No. 44 in F Major, Hob. XVI, 29 - I. Moderato",Sonata
Haydn,"Keyboard Sonata No. 44 in F Major, Hob. XVI, 29 - II. Adagio",Sonata
Haydn,"Keyboard Sonata No. 44 in F Major, Hob. XVI, 29 - III. Tempo di menuet",Ternary
Haydn,"Keyboard Sonata No. 45 in A Major, Hob. XVI, 30 - I. Allegro - Adagio",Sonata
Haydn,"Keyboard Sonata No. 46 in E Major, Hob. XVI, 31 - I. Moderato",Sonata
Haydn,"Keyboard Sonata No. 46 in E Major, Hob. XVI, 31 - III. Finale - Presto",Variation
Haydn,"Keyboard Sonata No. 47 in B Minor, Hob. XVI, 32 - I. Allegro moderato",Sonata
Haydn,"Keyboard Sonata No. 47 in B Minor, Hob. XVI, 32 - II. Menuet",Minuet
Haydn,"Keyboard Sonata No. 47 in B Minor, Hob. XVI, 32 - III. Finale - Presto",Sonata
Haydn,"Keyboard Sonata No. 53 in E Minor, Hob. XVI, 34 - I. Presto",Sonata
Haydn,"Keyboard Sonata No. 53 in E Minor, Hob. XVI, 34 - II. Adagio - Vivace molto innocentemente",Ternary
Haydn,"Keyboard Sonata No. 48 in C Major, Hob. XVI, 35 - I. Allegro con brio",Sonata
Haydn,"Keyboard Sonata No. 48 in C Major, Hob. XVI, 35 - II. Adagio",Binary
Haydn,"Keyboard Sonata No. 48 in C Major, Hob. XVI, 35 - III. Finale - Allegro",Rondo
Haydn,"Keyboard Sonata No. 49 in C-Sharp Minor, Hob. XVI, 36 - I. Moderato",Sonata
Haydn,"Keyboard Sonata No. 49 in C-Sharp Minor, Hob. XVI, 36 - II. Scherzando - Allegro con brio",Rondo
Haydn,"Keyboard Sonata No. 49 in C-Sharp Minor, Hob. XVI, 36 - III. Menuet - Moderato","Minuet,Ternary"
Haydn,"Keyboard Sonata No. 50 in D Major, Hob. XVI, 37 - I. Allegro con brio",Sonata
Haydn,"Keyboard Sonata No. 50 in D Major, Hob. XVI, 37 - II. Largo e sostenuto - Finale - Presto, ma...",Binary
Haydn,"Keyboard Sonata No. 51 in E-Flat Major, Hob. XVI, 38 - I. Allegro moderato",Sonata
Haydn,"Keyboard Sonata No. 51 in E-Flat Major, Hob. XVI, 38 - II. Adagio","Binary,Sonata"
Haydn,"Keyboard Sonata No. 51 in E-Flat Major, Hob. XVI, 38 - III. Finale - Allegro","Ternary,Minuet"
Haydn,"Keyboard Sonata No. 52 in G Major, Hob. XVI, 39 - I. Allegro con brio",Rondo
Haydn,"Keyboard Sonata No. 52 in G Major, Hob. XVI, 39 - II. Adagio",Binary
Haydn,"Keyboard Sonata No. 52 in G Major, Hob. XVI, 39 - III. Prestissimo",Sonata
Haydn,"Keyboard Sonata No. 54 in G Major, Hob. XVI, 40 - I. Allegretto innocente",Rondo
Haydn,"Keyboard Sonata No. 54 in G Major, Hob. XVI, 40 - II. Presto",Ternary
Haydn,"Keyboard Sonata No. 55 in B-Flat Major, Hob. XVI, 41 - I. Allegro",Sonata
Haydn,"Keyboard Sonata No. 55 in B-Flat Major, Hob. XVI, 41 - II. Allegro di molto","Minuet,Ternary"
Haydn,"Keyboard Sonata No. 56 in D Major, Hob. XVI, 42 - I. Andante con espressione","Variation,Ternary"
Haydn,"Keyboard Sonata No. 56 in D Major, Hob. XVI, 42 - II. Vivace assai",Binary
Haydn,"Keyboard Sonata No. 35 in A-Flat Major, Hob. XVI, 43 - I. Moderato",Sonata
Haydn,"Keyboard Sonata No. 35 in A-Flat Major, Hob. XVI, 43 - II. Menuetto",Minuet
Haydn,"Keyboard Sonata No. 35 in A-Flat Major, Hob. XVI, 43 - III. Rondo - Presto",Rondo
Haydn,"Keyboard Sonata No. 32 in G Minor, Hob. XVI, 44 - I. Moderato",Sonata
Haydn,"Keyboard Sonata No. 32 in G Minor, Hob. XVI, 44 - II. Allegretto",Ternary
Haydn,"Keyboard Sonata No. 29 in E-Flat Major, Hob. XVI, 45 - I. Moderato",Sonata
Haydn,"Keyboard Sonata No. 29 in E-Flat Major, Hob. XVI, 45 - II. Andante",Sonata
Haydn,"Keyboard Sonata No. 29 in E-Flat Major, Hob. XVI, 45 - III. Finale - Allegro di molto",Sonata
Haydn,"Keyboard Sonata No. 31 in A-Flat Major, Hob. XVI, 46 - I. Allegro moderato",Sonata
Haydn,"Keyboard Sonata No. 31 in A-Flat Major, Hob. XVI, 46 - II. Adagio",Sonata
Haydn,"Keyboard Sonata No. 31 in A-Flat Major, Hob. XVI, 46 - III. Finale - Presto",Sonata
Haydn,"Keyboard Sonata No. 58 in C Major, Hob. XVI, 48 - I. Andante con espressione",Variation
Haydn,"Keyboard Sonata No. 58 in C Major, Hob. XVI, 48 - II. Rondo - Presto","Rondo,Rondo-Sonata"
Haydn,"Keyboard Sonata No. 59 in E-Flat Major, Hob. XVI, 49 - I. Allegro",Sonata
Haydn,"Keyboard Sonata No. 59 in E-Flat Major, Hob. XVI, 49 - II. Adagio e cantabile","Ternary,Variation"
Haydn,"Keyboard Sonata No. 59 in E-Flat Major, Hob. XVI, 49 - III. Finale - Tempo di menuet","Rondo,Ternary"
Haydn,"Keyboard Sonata No. 60 in C Major, Hob. XVI, 50 - I. Allegro",Sonata
Haydn,"Keyboard Sonata No. 60 in C Major, Hob. XVI, 50 - II. Adagio","Ternary,Variation"
Haydn,"Keyboard Sonata No. 60 in C Major, Hob. XVI, 50 - III. Allegro molto","Ternary,Minuet,Scherzo"
Haydn,"Keyboard Sonata No. 61 in D Major, Hob. XVI, 51 - I. Andante",Rondo-Sonata
Haydn,"Keyboard Sonata No. 61 in D Major, Hob. XVI, 51 - II. Finale - Presto","Rondo,Scherzo"
Haydn,"Keyboard Sonata No. 62 in E-Flat Major, Hob. XVI, 52 - I. Allegro",Sonata
Haydn,"Keyboard Sonata No. 62 in E-Flat Major, Hob. XVI, 52 - II. Adagio","Ternary,Variation"
Haydn,"Keyboard Sonata No. 62 in E-Flat Major, Hob. XVI, 52 - III. Finale - Presto",Sonata
